-- MySQL dump 10.13  Distrib 8.0.41, for Linux (x86_64)
--
-- Host: localhost    Database: quiz_app
-- ------------------------------------------------------
-- Server version	8.0.41-0ubuntu0.22.04.1

/*!40101 SET @OLD_CHARACTER_SET_CLIENT=@@CHARACTER_SET_CLIENT */;
/*!40101 SET @OLD_CHARACTER_SET_RESULTS=@@CHARACTER_SET_RESULTS */;
/*!40101 SET @OLD_COLLATION_CONNECTION=@@COLLATION_CONNECTION */;
/*!50503 SET NAMES utf8mb4 */;
/*!40103 SET @OLD_TIME_ZONE=@@TIME_ZONE */;
/*!40103 SET TIME_ZONE='+00:00' */;
/*!40014 SET @OLD_UNIQUE_CHECKS=@@UNIQUE_CHECKS, UNIQUE_CHECKS=0 */;
/*!40014 SET @OLD_FOREIGN_KEY_CHECKS=@@FOREIGN_KEY_CHECKS, FOREIGN_KEY_CHECKS=0 */;
/*!40101 SET @OLD_SQL_MODE=@@SQL_MODE, SQL_MODE='NO_AUTO_VALUE_ON_ZERO' */;
/*!40111 SET @OLD_SQL_NOTES=@@SQL_NOTES, SQL_NOTES=0 */;

--
-- Table structure for table `answers`
--

DROP TABLE IF EXISTS `answers`;
/*!40101 SET @saved_cs_client     = @@character_set_client */;
/*!50503 SET character_set_client = utf8mb4 */;
CREATE TABLE `answers` (
  `id` int NOT NULL AUTO_INCREMENT,
  `result_id` int NOT NULL,
  `option_id` int NOT NULL,
  PRIMARY KEY (`id`),
  UNIQUE KEY `id` (`id`),
  KEY `answers_fk1` (`result_id`),
  KEY `answers_fk2` (`option_id`),
  CONSTRAINT `answers_fk1` FOREIGN KEY (`result_id`) REFERENCES `results` (`id`),
  CONSTRAINT `answers_fk2` FOREIGN KEY (`option_id`) REFERENCES `options` (`id`)
) ENGINE=InnoDB DEFAULT CHARSET=utf8mb4 ;
/*!40101 SET character_set_client = @saved_cs_client */;

--
-- Dumping data for table `answers`
--

LOCK TABLES `answers` WRITE;
/*!40000 ALTER TABLE `answers` DISABLE KEYS */;
/*!40000 ALTER TABLE `answers` ENABLE KEYS */;
UNLOCK TABLES;

--
-- Table structure for table `options`
--

DROP TABLE IF EXISTS `options`;
/*!40101 SET @saved_cs_client     = @@character_set_client */;
/*!50503 SET character_set_client = utf8mb4 */;
CREATE TABLE `options` (
  `id` int NOT NULL AUTO_INCREMENT,
  `question_id` int NOT NULL,
  `option_text` text NOT NULL,
  `isCorrect` tinyint(1) NOT NULL,
  `updated_at` datetime NOT NULL,
  `created_at` datetime NOT NULL,
  PRIMARY KEY (`id`),
  UNIQUE KEY `id` (`id`),
  KEY `options_fk1` (`question_id`),
  CONSTRAINT `options_fk1` FOREIGN KEY (`question_id`) REFERENCES `questions` (`id`) ON DELETE CASCADE
) ENGINE=InnoDB AUTO_INCREMENT=34 DEFAULT CHARSET=utf8mb4 ;
/*!40101 SET character_set_client = @saved_cs_client */;

--
-- Dumping data for table `options`
--

LOCK TABLES `options` WRITE;
/*!40000 ALTER TABLE `options` DISABLE KEYS */;
INSERT INTO `options` VALUES (1,3,'1',1,'2025-01-16 13:05:21','2025-01-16 13:05:21'),(2,3,'2',0,'2025-01-16 13:05:21','2025-01-16 13:05:21'),(3,4,'3',0,'2025-01-16 13:05:21','2025-01-16 13:05:21'),(4,4,'4',1,'2025-01-16 13:05:21','2025-01-16 13:05:21'),(5,5,'4',0,'2025-01-16 13:07:34','2025-01-16 13:07:34'),(6,5,'5',1,'2025-01-16 13:07:34','2025-01-16 13:07:34'),(7,6,'6',1,'2025-01-16 13:07:34','2025-01-16 13:07:34'),(8,6,'7',0,'2025-01-16 13:07:34','2025-01-16 13:07:34'),(9,7,'q',1,'2025-01-16 13:18:07','2025-01-16 13:18:07'),(10,8,'vdfdf',1,'2025-01-16 13:19:03','2025-01-16 13:19:03'),(11,8,'dfg',0,'2025-01-16 13:19:03','2025-01-16 13:19:03'),(12,9,'vdfdf',1,'2025-01-16 13:19:50','2025-01-16 13:19:50'),(13,9,'dfg',0,'2025-01-16 13:19:50','2025-01-16 13:19:50'),(14,10,'vdfdf',1,'2025-01-16 13:20:03','2025-01-16 13:20:03'),(15,10,'dfg',0,'2025-01-16 13:20:03','2025-01-16 13:20:03'),(16,11,'q',1,'2025-01-16 15:18:50','2025-01-16 15:18:50'),(17,12,'wewewew',1,'2025-01-16 15:19:38','2025-01-16 15:19:38'),(18,13,'1',1,'2025-01-16 15:44:42','2025-01-16 15:44:42'),(19,14,'d',1,'2025-01-16 16:17:51','2025-01-16 16:17:51'),(20,15,'d',1,'2025-01-16 16:18:36','2025-01-16 16:18:36'),(21,16,'d',1,'2025-01-16 16:21:23','2025-01-16 16:21:23'),(22,17,'d',1,'2025-01-16 16:23:51','2025-01-16 16:23:51'),(23,18,'d',1,'2025-01-16 16:24:53','2025-01-16 16:24:53'),(24,19,'999',1,'2025-01-16 16:27:49','2025-01-16 16:27:49'),(25,20,'999',1,'2025-01-16 16:32:03','2025-01-16 16:32:03'),(26,21,'999',1,'2025-01-16 16:32:47','2025-01-16 16:32:47'),(27,22,'999',1,'2025-01-16 16:36:46','2025-01-16 16:36:46'),(28,23,'999',1,'2025-01-16 16:38:45','2025-01-16 16:38:45'),(29,24,'999',1,'2025-01-16 16:39:21','2025-01-16 16:39:21'),(30,25,'999',1,'2025-01-16 16:40:42','2025-01-16 16:40:42'),(31,26,'999',1,'2025-01-16 16:45:05','2025-01-16 16:45:05'),(32,27,'11111',1,'2025-01-19 23:00:53','2025-01-19 23:00:53'),(33,28,'111111',1,'2025-01-19 23:03:15','2025-01-19 23:03:15');
/*!40000 ALTER TABLE `options` ENABLE KEYS */;
UNLOCK TABLES;

--
-- Table structure for table `questions`
--

DROP TABLE IF EXISTS `questions`;
/*!40101 SET @saved_cs_client     = @@character_set_client */;
/*!50503 SET character_set_client = utf8mb4 */;
CREATE TABLE `questions` (
  `id` int NOT NULL AUTO_INCREMENT,
  `quiz_id` int NOT NULL,
  `question_text` text NOT NULL,
  `updated_at` datetime NOT NULL,
  `created_at` datetime NOT NULL,
  PRIMARY KEY (`id`),
  UNIQUE KEY `id` (`id`),
  KEY `questions_fk1` (`quiz_id`),
  CONSTRAINT `questions_fk1` FOREIGN KEY (`quiz_id`) REFERENCES `questions` (`id`) ON DELETE CASCADE
) ENGINE=InnoDB AUTO_INCREMENT=29 DEFAULT CHARSET=utf8mb4 ;
/*!40101 SET character_set_client = @saved_cs_client */;

--
-- Dumping data for table `questions`
--

LOCK TABLES `questions` WRITE;
/*!40000 ALTER TABLE `questions` DISABLE KEYS */;
INSERT INTO `questions` VALUES (1,1,'echo','2025-01-16 12:59:35','2025-01-16 12:59:35'),(2,2,'echo','2025-01-16 13:01:37','2025-01-16 13:01:37'),(3,3,'echo','2025-01-16 13:05:21','2025-01-16 13:05:21'),(4,3,'varchar','2025-01-16 13:05:21','2025-01-16 13:05:21'),(5,4,'a','2025-01-16 13:07:34','2025-01-16 13:07:34'),(6,4,'b','2025-01-16 13:07:34','2025-01-16 13:07:34'),(7,5,'a','2025-01-16 13:18:07','2025-01-16 13:18:07'),(8,6,'fdsvx','2025-01-16 13:19:03','2025-01-16 13:19:03'),(9,7,'fdsvx','2025-01-16 13:19:50','2025-01-16 13:19:50'),(10,8,'fdsvx','2025-01-16 13:20:03','2025-01-16 13:20:03'),(11,9,'e','2025-01-16 15:18:50','2025-01-16 15:18:50'),(12,10,'r','2025-01-16 15:19:38','2025-01-16 15:19:38'),(13,11,'q','2025-01-16 15:44:42','2025-01-16 15:44:42'),(14,12,'c','2025-01-16 16:17:51','2025-01-16 16:17:51'),(15,13,'c','2025-01-16 16:18:36','2025-01-16 16:18:36'),(16,14,'c','2025-01-16 16:21:23','2025-01-16 16:21:23'),(17,15,'c','2025-01-16 16:23:51','2025-01-16 16:23:51'),(18,16,'c','2025-01-16 16:24:53','2025-01-16 16:24:53'),(19,17,'ppp','2025-01-16 16:27:49','2025-01-16 16:27:49'),(20,18,'ppp','2025-01-16 16:32:03','2025-01-16 16:32:03'),(21,19,'ppp','2025-01-16 16:32:47','2025-01-16 16:32:47'),(22,20,'ppp','2025-01-16 16:36:46','2025-01-16 16:36:46'),(23,21,'ppp','2025-01-16 16:38:45','2025-01-16 16:38:45'),(24,22,'ppp','2025-01-16 16:39:21','2025-01-16 16:39:21'),(25,23,'ppp','2025-01-16 16:40:42','2025-01-16 16:40:42'),(26,24,'ppp','2025-01-16 16:45:05','2025-01-16 16:45:05'),(27,25,'1111','2025-01-19 23:00:53','2025-01-19 23:00:53'),(28,26,'1111','2025-01-19 23:03:15','2025-01-19 23:03:15');
/*!40000 ALTER TABLE `questions` ENABLE KEYS */;
UNLOCK TABLES;

--
-- Table structure for table `quizzes`
--

DROP TABLE IF EXISTS `quizzes`;
/*!40101 SET @saved_cs_client     = @@character_set_client */;
/*!50503 SET character_set_client = utf8mb4 */;
CREATE TABLE `quizzes` (
  `id` int NOT NULL AUTO_INCREMENT,
  `unique_value` varchar(255) NOT NULL,
  `user_id` int NOT NULL,
  `title` varchar(255) NOT NULL,
  `description` text NOT NULL,
  `time_limit` int NOT NULL,
  `updated_at` datetime NOT NULL,
  `created_at` datetime NOT NULL,
  PRIMARY KEY (`id`),
  UNIQUE KEY `id` (`id`),
  UNIQUE KEY `unique_value` (`unique_value`),
  KEY `quizzes_fk1` (`user_id`),
  CONSTRAINT `quizzes_fk1` FOREIGN KEY (`user_id`) REFERENCES `users` (`id`)
) ENGINE=InnoDB AUTO_INCREMENT=27 DEFAULT CHARSET=utf8mb4 ;
/*!40101 SET character_set_client = @saved_cs_client */;

--
-- Dumping data for table `quizzes`
--

LOCK TABLES `quizzes` WRITE;
/*!40000 ALTER TABLE `quizzes` DISABLE KEYS */;
INSERT INTO `quizzes` VALUES (2,'1',40,'ayti','php test',11,'2025-01-16 13:01:37','2025-01-16 13:01:37'),(3,'2',40,'ayti','php test',11,'2025-01-16 13:05:21','2025-01-16 13:05:21'),(5,'3',41,'a','a',1,'2025-01-16 13:18:07','2025-01-16 13:18:07'),(11,'7',40,'q','q',1,'2025-01-16 15:44:42','2025-01-16 15:44:42'),(12,'8',40,'d','d',333,'2025-01-16 16:17:51','2025-01-16 16:17:51'),(13,'9',40,'d','d',333,'2025-01-16 16:18:36','2025-01-16 16:18:36'),(14,'0',40,'d','d',333,'2025-01-16 16:21:23','2025-01-16 16:21:23'),(15,'q',40,'d','d',333,'2025-01-16 16:23:51','2025-01-16 16:23:51'),(16,'w',40,'d','d',333,'2025-01-16 16:24:53','2025-01-16 16:24:53'),(20,'y',32,'ppp','ppp',12,'2025-01-16 16:36:46','2025-01-16 16:36:46'),(21,'u',32,'ppp','ppp',12,'2025-01-16 16:38:45','2025-01-16 16:38:45'),(22,'i',32,'ppp','ppp',12,'2025-01-16 16:39:21','2025-01-16 16:39:21'),(23,'o',32,'ppp','ppp',12,'2025-01-16 16:40:42','2025-01-16 16:40:42'),(24,'p',32,'ppp','ppp',12,'2025-01-16 16:45:05','2025-01-16 16:45:05'),(26,'test',32,'1','11',111,'2025-01-19 23:03:15','2025-01-19 23:03:15');
/*!40000 ALTER TABLE `quizzes` ENABLE KEYS */;
UNLOCK TABLES;

--
-- Table structure for table `results`
--

DROP TABLE IF EXISTS `results`;
/*!40101 SET @saved_cs_client     = @@character_set_client */;
/*!50503 SET character_set_client = utf8mb4 */;
CREATE TABLE `results` (
  `id` int NOT NULL AUTO_INCREMENT,
  `user_id` int NOT NULL,
  `quiz_id` int NOT NULL,
  `started_at` datetime NOT NULL,
  `finished_at` datetime NOT NULL,
  PRIMARY KEY (`id`),
  UNIQUE KEY `id` (`id`),
  KEY `results_fk1` (`user_id`),
  KEY `results_fk2` (`quiz_id`),
  CONSTRAINT `results_fk1` FOREIGN KEY (`user_id`) REFERENCES `users` (`id`),
  CONSTRAINT `results_fk2` FOREIGN KEY (`quiz_id`) REFERENCES `quizzes` (`id`)
) ENGINE=InnoDB AUTO_INCREMENT=2 DEFAULT CHARSET=utf8mb4 ;
/*!40101 SET character_set_client = @saved_cs_client */;

--
-- Dumping data for table `results`
--

LOCK TABLES `results` WRITE;
/*!40000 ALTER TABLE `results` DISABLE KEYS */;
INSERT INTO `results` VALUES (1,32,26,'2025-01-31 14:52:46','2025-01-31 16:43:46');
/*!40000 ALTER TABLE `results` ENABLE KEYS */;
UNLOCK TABLES;

--
-- Table structure for table `user_api_token`
--

DROP TABLE IF EXISTS `user_api_token`;
/*!40101 SET @saved_cs_client     = @@character_set_client */;
/*!50503 SET character_set_client = utf8mb4 */;
CREATE TABLE `user_api_token` (
  `id` int NOT NULL AUTO_INCREMENT,
  `token` varchar(255) DEFAULT NULL,
  `user_id` int DEFAULT NULL,
  `expires_at` datetime NOT NULL,
  `created_at` datetime DEFAULT NULL,
  PRIMARY KEY (`id`),
  KEY `user_id` (`user_id`),
  CONSTRAINT `user_api_token_ibfk_1` FOREIGN KEY (`user_id`) REFERENCES `users` (`id`)
) ENGINE=InnoDB AUTO_INCREMENT=104 DEFAULT CHARSET=utf8mb4 ;
/*!40101 SET character_set_client = @saved_cs_client */;

--
-- Dumping data for table `user_api_token`
--

LOCK TABLES `user_api_token` WRITE;
/*!40000 ALTER TABLE `user_api_token` DISABLE KEYS */;
INSERT INTO `user_api_token` VALUES (1,'9b750e87043589ba55e582aa8ac3c8e87e53a0b9bda87194cc0646a33ab43a7ad2b91dc1da982f15',15,'2025-01-01 14:49:26',NULL),(2,'4051c3a2169dfd54d9726c340adfaed5a2954f5bbcac3f8000b33d42179ac07f5b5cba4974a4aae9',19,'2025-01-01 16:19:45',NULL),(3,'0a021f017936bc5c0f4f8fac9f23fa418f0d7bebe0d84932af0a2d39ea37cc9955d4b4bd04890787',21,'2025-01-01 18:02:09','2024-12-25 18:02:09'),(4,'97c2d3d1388928d33beb87278142f6f560820380647ff28e6087d070112ee3be437ec147cb8d3238',22,'2025-01-02 17:12:20','2024-12-26 17:12:20'),(5,'1c5f3946036d8d6616c03f34a6ea3d09a9c7eb6f5140eb80c3c90944a26bb079e5f419fca9dd192f',24,'2025-01-02 17:14:53','2024-12-26 17:14:53'),(6,'1291339600da25218d404e454c0455737d94c1e2e9c439dfb995fc715660eef9e9012f1a20e57823',26,'2025-01-02 17:39:14','2024-12-26 17:39:14'),(7,'2b1c22e71955f2ef484c0683f331cd4cf3897df6f8e8c27e0c67326cd5779c790b02099705ce065a',28,'2025-01-14 16:34:34','2025-01-07 16:34:34'),(8,'6f1bcdeb4bdc17dc420d27e54108c7d1379fbf2f467dd63f4ccfe317f532ae42909a90410408cd87',30,'2025-01-15 19:52:24','2025-01-08 19:52:24'),(9,'d7e66545fa7de1525023e852bb66fc1ca421fcab2ff728545dd1ae95aa88c0ea3f8bdf573fab9dee',30,'2025-01-15 20:00:53','2025-01-08 20:00:53'),(10,'ab71408b4e171fae0a577a39caa91a88945af3521eddb286f43c37a62c7f20d0a8bd294df37cc9c9',30,'2025-01-15 20:01:04','2025-01-08 20:01:04'),(11,'dac60446da633f4c30c194beefea9003a64daec6f99368d5e21062a27ef79f9fcfbe1fcee4fb419b',30,'2025-01-15 20:04:19','2025-01-08 20:04:19'),(12,'1da773c6c91757c44d65fab6e60cdacacace12129e1044fc030448b0e0ed1ed0d5d38e811dd0e8c3',30,'2025-01-15 20:04:41','2025-01-08 20:04:41'),(13,'f89aac53dc0dd8b217c2a967ee2eacc660a5ed9eb3d9bd4a3ebd8169947fe02c632816ec3b35bc68',31,'2025-01-16 15:51:26','2025-01-09 15:51:26'),(14,'53530638ed4dac4a3bd50d03871b49d827e92449d1da19b61877ee6e19137fd6e70820f0a09b3dff',30,'2025-01-17 12:18:47','2025-01-10 12:18:47'),(15,'1021a2e49b4641c1e9ac79f3c0b3e0b6b96f2b27ded60e1c0dc4f5fd614ca8941853420210f1f960',30,'2025-01-17 12:18:48','2025-01-10 12:18:48'),(16,'af3c546ffdc619b4dc6a44da9db6f1b03eff72a6b87250a3429783d4331e3175affba273b5bccfd2',30,'2025-01-17 12:18:48','2025-01-10 12:18:48'),(17,'bdfda14c14b05c874d69553dbea4624f05625835193e3b873f8465dd40705e90593bc251b2885c0d',30,'2025-01-17 12:18:49','2025-01-10 12:18:49'),(18,'292cf46096030da255486fd446ec10aab3753a721ac819a8b613354adcc59f6a65b2fb4555c3f355',32,'2025-01-17 12:20:28','2025-01-10 12:20:28'),(19,'79af921be0cd5426497b88c66a4238d4845c1f652fc8a0ecd47e298fb00a3c79dab1567bc3749b36',32,'2025-01-17 12:20:46','2025-01-10 12:20:46'),(20,'394de5596eee72f1a8c3f4ba97ff30337735574fd328b79b449ff5e2971f0ceaa4a83d116ea02b53',32,'2025-01-17 12:20:47','2025-01-10 12:20:47'),(21,'f1016e77e0f3e30f45666cdcb33cc70375daa1150b276cff13e75e2005d91688b4453d45da57d06a',32,'2025-01-17 12:20:47','2025-01-10 12:20:47'),(22,'027663c9abfc7378a01aab0a363270eccf111a95c718e912ea5bf65a9a9137a1ed1aa67e0b8542a6',32,'2025-01-17 12:20:47','2025-01-10 12:20:47'),(23,'f3c9f79a338d69f2c39d7a09546014371ef729edc3914583edbdfab5316baffcd631aa73eaa12602',32,'2025-01-17 12:20:47','2025-01-10 12:20:47'),(24,'5a109ccfa5f7ea4dc6f7dc08266db6f2283f1ec15f54cd10f0af34f322448b9b8b11ef2302608700',32,'2025-01-17 12:20:47','2025-01-10 12:20:47'),(25,'41019b2a9594b1ccd70fa2108a9d23111947e06dced73f55e7877b0600e433229e87de2e19f1cadd',32,'2025-01-17 12:20:48','2025-01-10 12:20:48'),(26,'fd76c23bfe3841be919d6d4d7750076a2d8ba9fee1d9d563b60c782a01d6361e55fc0e120f385fac',32,'2025-01-17 12:20:48','2025-01-10 12:20:48'),(27,'50a540684c6eb57ef7757ed1c9363c3c8c41e452dc85c6d89fda806f6b7b8252bbdbf60d9b90b865',32,'2025-01-17 14:16:31','2025-01-10 14:16:31'),(28,'6b27436517feb6af10647e0fcd42bec3ac62a974bc022c317fe85ea4446401aada9f6346deb42214',32,'2025-01-17 18:56:00','2025-01-10 18:56:00'),(29,'2673a59e07d643b7ec5632302e73ec38ed40434607634ddf1ccdbf4d2773bb6421503616106dcdcd',32,'2025-01-17 18:59:13','2025-01-10 18:59:13'),(30,'b732f26cb1dc3a165f53fe42a50c1b6b4fdc8d66d8e769427bc50709c22a74ce33b5252547823fc4',32,'2025-01-18 12:18:24','2025-01-11 12:18:24'),(31,'405db47d509ce7d007c20026aabc186268fa6210c6f087d809895ceba3e401c007d6a6b15515cba7',32,'2025-01-18 12:20:58','2025-01-11 12:20:58'),(32,'3d1ade90df0181b67e197bacb72f4dc14ed696671c13aec27dd3590877e2277aeb65c8b991ec6551',32,'2025-01-18 12:29:29','2025-01-11 12:29:29'),(33,'01692811098eac5ff6666776f96c6a5f3a6327d9f9378a897a6b1eb292c7a9b7b1f0f71b75773d33',32,'2025-01-20 17:04:14','2025-01-13 17:04:14'),(34,'c2e1bfe6a3f4872cc8042c89cadb3ddddd8b8ab174dc35ed2cb73c7cf2f86c94129b68fc6f4c8769',32,'2025-01-20 17:11:23','2025-01-13 17:11:23'),(35,'5e89d3c472186c4797f0488fc9918f1d11d87a857933997355674c2912b7c451e53de3ec3398b578',32,'2025-01-21 15:20:54','2025-01-14 15:20:54'),(36,'ea614f759c10fe5aa591d9478d8ab5bf543315697780fec981c54a5bd7ab16b6e0b1a3ee6722aa9e',32,'2025-01-21 15:25:45','2025-01-14 15:25:45'),(37,'918fd13271c39c129956154811d3119026e4de965b35302317598e49f67207e049482f3a1be2ceb6',32,'2025-01-21 15:26:31','2025-01-14 15:26:31'),(38,'f238021e3c4d81dc3df5e83749c4d9dec0cf8286adaa717fe26c87b1ee2558a368b3cf6211fe813e',32,'2025-01-21 15:27:05','2025-01-14 15:27:05'),(39,'cb0dfe4b8334802eaf012abcb1116d1d41c98752a27c8888d3a33cce79e489c3f7e87d020f04c54d',32,'2025-01-21 15:27:36','2025-01-14 15:27:36'),(40,'be59ae11beb248808fc1989a5eba896b4457c02934bc4551c332272fffd7db1058289ecc393a8c75',32,'2025-01-21 15:36:36','2025-01-14 15:36:36'),(41,'7ccf5ccee90390a83e7a453ded4a8144baa6a1babfa176f94c1d3c9173ebee217c1cae1dbcecb620',32,'2025-01-21 15:39:40','2025-01-14 15:39:40'),(42,'7537080efc1c75d2b72670fbb758a0a1f5b890f69575dc51eb8b0180bf141f7c0f757953fc6166c7',32,'2025-01-21 15:40:11','2025-01-14 15:40:11'),(43,'23e925227f9236969951536fbc019d6f8a162622df7ae9928f611a17585737ac0f874afb10e82a01',32,'2025-01-21 15:41:52','2025-01-14 15:41:52'),(44,'e479de760e0e1bacd62ed375c5e5e395014738650b553b46c537651c2464d825e9758810c2e55601',33,'2025-01-21 15:47:05','2025-01-14 15:47:05'),(45,'b7a75c3bae8a70e03e333c43e9976a54679b4fcc661d1a43aaf7a1254f2f9d24f8eb1636b26c216f',33,'2025-01-21 15:48:43','2025-01-14 15:48:43'),(46,'99de758e3c63d85e32c2ef6bbbf7bb608a976023709550aa69d32230b711b5acfee02353ffc6a7cb',33,'2025-01-21 15:50:03','2025-01-14 15:50:03'),(47,'2b7890dc16de4a0eee53b54916f775619c3550fce695aef47cb5785828601317fd22bb702d4332ae',34,'2025-01-21 15:50:49','2025-01-14 15:50:49'),(48,'c58f69859a711930f0a341c80341ba17ea9267d6443e2e5c989afec112e491e1bd3244cedba295dd',33,'2025-01-21 15:51:24','2025-01-14 15:51:24'),(49,'e8956f7699465befe0d1253aef49b3e5955b334bd12a53cba811df4d1640c8a89f70c406d934dda5',32,'2025-01-21 15:53:23','2025-01-14 15:53:23'),(50,'b2f42e50abf24950e8698916bde3481a850304b2fc37fc0cb57839dc956588179311f33de0713e62',35,'2025-01-21 16:29:20','2025-01-14 16:29:20'),(51,'62d0479c0f75ed676ff5c24a47e1404262476ac28ed7ef69717a6f992d41bcfcd0f8a8e7c0a825cf',35,'2025-01-21 16:30:04','2025-01-14 16:30:04'),(52,'d55343e0b473523011b19f41575c354dd96095dd6e030a500e527fddb33f471bb9b2f5928d9c13a8',32,'2025-01-21 16:41:15','2025-01-14 16:41:15'),(53,'13fd511c48af38cac613141dc8a1c96161ea851aede276c9bafee4f19e9f900ec359aba1c8d7f187',32,'2025-01-21 16:46:54','2025-01-14 16:46:54'),(54,'05bde3d168ec5987f799f6c78b4eb33bbbb540a76917e3351a48e1516dc39c10e3414495493d2cb7',32,'2025-01-21 16:47:22','2025-01-14 16:47:22'),(55,'f100933481a95691afa580bfc3908d8b3b4cd31e438534751b81bd73ff298c65d2ee88c7d07edf60',32,'2025-01-21 16:51:29','2025-01-14 16:51:29'),(56,'c0858cc43d201761d4639646827980dae83f51b8791520277f4e15cb91223124c6d56fa65860e9f5',32,'2025-01-21 16:52:02','2025-01-14 16:52:02'),(57,'ccbc02047b49a9353388d86cd32a4f48c17033efcbc7b05c65ece26ff6ac55eb00b8d4714711bf05',32,'2025-01-21 16:54:03','2025-01-14 16:54:03'),(58,'95cd1630857f19fd5a90954efcd1ed16b2cafea53b12decb5fb4c681d76492481c059a9e538250cf',32,'2025-01-21 16:55:39','2025-01-14 16:55:39'),(59,'58578ca8648defbb1a14c2afe1abeea8ef6ea13c78118bfeeb6be79450923f0e7ce2055d793abc36',32,'2025-01-21 16:55:54','2025-01-14 16:55:54'),(60,'6a8d01b7965e19c8ac234f65d900ed592b6604da3089ec91026675740a452612cb1578c14fe7ac72',32,'2025-01-21 16:57:01','2025-01-14 16:57:01'),(61,'dfb955f9b4f9d32ffc336a93cdc06b73db317f4f1aff4245e55da0211c0fe5a3738f59cbf143d9ff',36,'2025-01-21 16:57:43','2025-01-14 16:57:43'),(62,'a83a0f8f77688feabd27e8badd3c0d9ed753ed36b198c3e1eee755120f4b35447c4d93b8cee88714',32,'2025-01-21 17:01:09','2025-01-14 17:01:09'),(63,'9a4ed47e7f059b1d4ae3b9784287b76732bbd9758a013f52e021d7eb5de22b9db2fa6076cdb90c79',32,'2025-01-21 21:00:59','2025-01-14 21:00:59'),(64,'a41f0aca505412188c443ed8f82310848811cbbde7b58f2e7ea57a54a5278ef4bac15300d298a959',37,'2025-01-21 21:03:24','2025-01-14 21:03:24'),(65,'b65edfa2e735a9eb60a56bf21402bb240f13913907f5f4b3df9e20b5fcaeae02e65424af9a143e60',32,'2025-01-21 21:05:34','2025-01-14 21:05:34'),(66,'a045de844f10375c8ea0c05e1b9aea2dc4e30f5946e4837d8d53216cbd7799c3d5c511f8aa7697ea',32,'2025-01-21 21:05:47','2025-01-14 21:05:47'),(67,'876593c69bc322c641c4b716e055d590c6239b0c2bffccd3a6786c5954b251230c79cae417673522',32,'2025-01-21 21:05:57','2025-01-14 21:05:57'),(68,'1817d158a337a7d3b2d61e5fcae725d37ab41a826eedce867b050c4740daa0759734fb74be4496e0',38,'2025-01-21 21:09:48','2025-01-14 21:09:48'),(69,'e6e93b2c4a92fe042c834f844fa0dc479e6039c72d6233575c2cd977844d5b86758017f58905d879',38,'2025-01-21 21:10:16','2025-01-14 21:10:16'),(70,'dfd313a9f1bbbd0558015d25db25b1a2530fc5846b40cb95a68df1f89df791e8052334094d552148',32,'2025-01-22 10:34:22','2025-01-15 10:34:22'),(71,'053c9cd0aa79112716161db2ac2b8f0899cdf42f00fd255ded329e4bf1e4ec7ca71c29b54b985cfd',32,'2025-01-22 10:34:37','2025-01-15 10:34:37'),(72,'955cfcd0b3552c06625d7774dfc4459f42ab2ff24a3ab1678830bf668d86fa55d1d947916f06cf9f',32,'2025-01-22 10:38:38','2025-01-15 10:38:38'),(73,'38ee255d8c4642efccb324fa050fdae9a58a550f97ced7672e86024611c890d8b41eb334b247ce24',32,'2025-01-22 10:40:09','2025-01-15 10:40:09'),(74,'4fd31d4a49e5188fdfd5ba89a011fb372c978e84fdd9bf3634c02ca9910d4ab59cb87ea0b211a9a2',32,'2025-01-22 10:41:11','2025-01-15 10:41:11'),(75,'654a842e693b764e39c2dca0a81427aa96fc515298b2ed31150674e303766fdacfe3265640a27013',32,'2025-01-22 10:47:05','2025-01-15 10:47:05'),(76,'6ea9586bc6bb712b8784a9099f98c583f0008a77eb04a4c4669d0fb7d639514aad371849c679c636',32,'2025-01-22 11:16:35','2025-01-15 11:16:35'),(77,'15483557971d3c1f3f23da17698cd8e6e4c41d6651eafa53ccf2491ddbcdd47634a33c20853b0d28',32,'2025-01-22 11:31:09','2025-01-15 11:31:09'),(78,'5412fda339606dcdf6c69a3849b210fe386451930987d92fd313ba2f53739c25f85a2e3043122b67',32,'2025-01-22 11:39:14','2025-01-15 11:39:14'),(79,'1a7a11a58ae17ddc7baa57e2d543936190701a9676a32aea1415b3bce86a89e2e654671d4a43af6c',32,'2025-01-22 11:47:48','2025-01-15 11:47:48'),(80,'96a49c635c95500f040d18d53d3ffdfa1eb2d4ef3c8f8e670b525cf440c07994676eaeb77a0cc41e',39,'2025-01-22 16:36:57','2025-01-15 16:36:57'),(81,'9f158a40931f7518e5e155e6e4ca7bd4f1ebc62313c179a5aa18ba42f9170c56be615bcc9e08c3c6',40,'2025-01-22 17:15:57','2025-01-15 17:15:57'),(82,'4570c9202f65779e8e2b9cf1c2bc2b54c126c7a7d45e6d13ebfbd57e9ef9620c64a53a87eb6b25e8',32,'2025-01-23 13:05:35','2025-01-16 13:05:35'),(83,'4bad66bd0250c193b2fba4efa220f9ad25c1e75368f54f15ce612c1badf615ca118dfa06ad057cad',41,'2025-01-23 13:17:41','2025-01-16 13:17:41'),(84,'cba53cb05e47ecb4c274f503090d9debad4442a291679d7913062a9fca9eac301fd0e88e3aba7cbd',32,'2025-01-23 13:18:44','2025-01-16 13:18:44'),(85,'c7a2a160f9d3b6a141509cd58174850bc23b15ebc8118c54a879633a052c7d127f7f64bc9d406412',40,'2025-01-23 15:27:55','2025-01-16 15:27:55'),(86,'651978d4d25f64da5b75e851c1ce6223c93f632b5a0046c67a882cec0c25675331b6902b875e3206',32,'2025-01-23 16:26:57','2025-01-16 16:26:57'),(87,'d0ea397ce5dd06c83d2f2a2e2aec8e2ab030a29d21e643baa75fb0302a6180a2a17f86b5fc64b6a9',32,'2025-01-24 17:49:10','2025-01-17 17:49:10'),(88,'2b0472e30c4df4bfe8b7fd6b38f910a65c956eeb277e7611761d4f76c1eb79a76402433660eef9e1',32,'2025-01-26 23:01:40','2025-01-19 23:01:40'),(89,'1d35c1da3f602a4cbc72b061895eacc0d8d5c89201ca51ecb602c95c4ae1fa7fe3b5e78a9a0ed6c9',32,'2025-01-29 14:02:41','2025-01-22 14:02:41'),(90,'73e45af0788060c7afc17c415fd60f0a94947330afb8749af5053d80265a4ae6ffa589f0e6b4ff9b',32,'2025-01-29 14:02:53','2025-01-22 14:02:53'),(91,'6e9827dfe2d0b6ac557356b12990a55d3162ca92366aa4bdb0fd670ff4e10c63e2df2b401d8594ca',32,'2025-01-29 14:06:17','2025-01-22 14:06:17'),(92,'d224c8aa07adec231468cbc50d50bb3e928edcec50dca6a053dd71cfc559a3ebdb1d8220ea4c7a48',32,'2025-01-29 14:06:18','2025-01-22 14:06:18'),(93,'47c3013dc6f1901026a7598e74920e26817350d1be60a1a578271d2a33d19c9172b0d9c92b4233bc',32,'2025-01-29 14:06:20','2025-01-22 14:06:20'),(94,'64bec11ca1b54cf24d9980585e5404233a11a1735ec5dea9d25b026a460826287b16fcc41b1f9e71',32,'2025-01-29 14:10:08','2025-01-22 14:10:08'),(95,'58aad1ee3eb32e62006f1d298c00459af2b9af6d8297467c9612aa85b21abcda3d8b0d90fd646986',32,'2025-01-29 16:54:17','2025-01-22 16:54:17'),(96,'02261b989c57011c8b5e381fbfaacada9526fcfa91c39d09b84caa9374166df650948072448d4b9a',32,'2025-01-29 17:16:00','2025-01-22 17:16:00'),(97,'155831f268a06e1c03c52eaf3af143d281af863715bbbc58c0c29f8f7440994ae980017ece4b6c3b',32,'2025-01-30 13:01:48','2025-01-23 13:01:48'),(98,'42274a0f8cd2e576501d1e1ab09aad2f4bd90dee851973a14656b0ad096c81f2603bc81200a8b7ed',32,'2025-01-30 13:02:16','2025-01-23 13:02:16'),(99,'9f8e2fcda3915032afe0cca24dabc6094b2f8dc90ebccda0c8885aa4f21ca267188982cfe07312e1',32,'2025-01-30 13:05:04','2025-01-23 13:05:04'),(100,'6c2f2b87cc7232b14d197668469f2848969bfc52c0a2a16fd870132871d7873e414e7709afbc60d5',32,'2025-01-30 13:05:49','2025-01-23 13:05:49'),(101,'fc540b5ec12ce253aa3b15c8f58b2b82c50ccdd674969056ac07b2daaec8852af09f8ceedb29f559',32,'2025-01-30 13:12:41','2025-01-23 13:12:41'),(102,'6f0c45c5cfeb0055eced9aabcc886666af5c5b5aeb0e6c49e0a9234de370fa03f7fa6e53f2421d6c',32,'2025-01-30 13:22:47','2025-01-23 13:22:47'),(103,'3e4beef6c4bde02618ea4353881cae863e414743b7a74bb9a71b54fb18be469723b3d2597b180617',32,'2025-02-07 14:41:50','2025-01-31 14:41:50');
/*!40000 ALTER TABLE `user_api_token` ENABLE KEYS */;
UNLOCK TABLES;

--
-- Table structure for table `users`
--

DROP TABLE IF EXISTS `users`;
/*!40101 SET @saved_cs_client     = @@character_set_client */;
/*!50503 SET character_set_client = utf8mb4 */;
CREATE TABLE `users` (
  `id` int NOT NULL AUTO_INCREMENT,
  `full_name` varchar(255) DEFAULT NULL,
  `email` varchar(255) DEFAULT NULL,
  `password` varchar(255) DEFAULT NULL,
  `updated_at` datetime DEFAULT NULL,
  `created_at` datetime DEFAULT NULL,
  PRIMARY KEY (`id`),
  UNIQUE KEY `email` (`email`)
) ENGINE=InnoDB AUTO_INCREMENT=42 DEFAULT CHARSET=utf8mb4 ;
/*!40101 SET character_set_client = @saved_cs_client */;

--
-- Dumping data for table `users`
--

LOCK TABLES `users` WRITE;
/*!40000 ALTER TABLE `users` DISABLE KEYS */;
INSERT INTO `users` VALUES (1,'ali','ali@gmail.com','$2y$10$O84Id/tmw8CtjRNxCGJsKeCRwMak6qNVXhyvpA8qqHG6J4wjMJeSO','2024-12-25 14:30:27','2024-12-25 14:30:27'),(15,'dilshodbek erolov','erolov12315678@gmail.com','$2y$10$BRtxF0HyPp/WRRcoEgOL5e6rznLQ1GYgx1d622awEGmuLX571b90u','2024-12-25 14:49:26','2024-12-25 14:49:26'),(19,'dilshodbek erolov','erolov1@gmail.com','$2y$10$U3bzyE4NZ.6AvnNucgT6O.hOWAu.kvVuubttoRvks0.Km70EGJ3Vm','2024-12-25 16:19:45','2024-12-25 16:19:45'),(21,'dilshodbek erolov','erolov@gmail.com','$2y$10$5tMFDoaJt6XUY/VkEsdFN.a14IDQ.yLS7omArxEc1g11aK/U92Ji.','2024-12-25 18:02:09','2024-12-25 18:02:09'),(22,'alii','aliii@gmail.com','$2y$10$JxpPolwjKZJJKEpMipQ1i.meKnYVRmX8jjrS9cOHZeMCOdmu3PjNi','2024-12-26 17:12:20','2024-12-26 17:12:20'),(24,'alii','aliiii@gmail.com','$2y$10$aj4NmU.mIOBXwz0bhUw7YutuNFUw5bR/3XM0oIVue.s7AujJ2LfdC','2024-12-26 17:14:53','2024-12-26 17:14:53'),(26,'valii','vali@gmail.com','$2y$10$uvgjEkcDTI2epnuw35PL7O6/k0RXRx35meZIxpzcwCwWs9tcUmLFm','2024-12-26 17:39:14','2024-12-26 17:39:14'),(28,'valii','vali1@gmail.com','$2y$10$xGAk9EqCWTD7Y.R16GIe3edTXx6F60RyBU8G09YfNOwcmol6q6Wdy','2025-01-07 16:34:34','2025-01-07 16:34:34'),(30,'vali','vali12@gmail.com','$2y$10$xLFFtUz4K/CXfYMEi5tFQe3.Z5imoRlc7IV1kJopynIYBLmZOusIe','2025-01-08 19:52:24','2025-01-08 19:52:24'),(31,'dbhdjsnshzjs','vali9@gmail.com','$2y$10$GZcvZntlmh0xFr0RLTo.5Ow7mV2roYh5/F8VvaJdaNiZGJo.qUrYW','2025-01-09 15:51:26','2025-01-09 15:51:26'),(32,'vali','zx@gmail.com','$2y$10$cuOEH2xZBRO35E.SlEqwiei7GwgD6cpTzUl3gCHn9Dt3yUWna8FqO','2025-01-10 12:20:28','2025-01-10 12:20:28'),(33,'john','john@gmail.com','$2y$10$6kZsZJtN601o653eHN5DteHGR90dJjnSkv/sSG7yQXfO4ogJjtImC','2025-01-14 15:47:05','2025-01-14 15:47:05'),(34,'qw','qw@gmail.com','$2y$10$tu6aO1FiWw/DNS1vDvDhn.hQfO1u721RpplIZ.s6RX7bjVbm79Ina','2025-01-14 15:50:49','2025-01-14 15:50:49'),(35,'z','zz@z.z','$2y$10$KXIAHofLiBMDaij1TEVOAeai7VNY9l0jEguEghIF39AMi5dbvUuJi','2025-01-14 16:29:20','2025-01-14 16:29:20'),(36,'dilshod','d@d.d','$2y$10$lrZxJi/DuGP46R2EO6GIJe/WfcTyx0dRHf.uYhpttSXX32meRmzXe','2025-01-14 16:57:43','2025-01-14 16:57:43'),(37,'ali','alli@a.a','$2y$10$wOfU660cV3chBMP/YjZzV.9LB24LWm4KOueWRW9vMP4nFqlDlv0N.','2025-01-14 21:03:24','2025-01-14 21:03:24'),(38,'ss','s@s.s','$2y$10$e36vwoLa2ZwYygEkgBV4V.1qH.G44/VtdhzTGAkESIY8j5d7oQa.a','2025-01-14 21:09:48','2025-01-14 21:09:48'),(39,'bunyod','bunyod@bunyod.uz','$2y$10$WyVag2BObx4uol1cknbyYuKjPmOpY5ad5cfkK66y56bHyqaCnUytS','2025-01-15 16:36:57','2025-01-15 16:36:57'),(40,'mosalah','salah@liv.liv','$2y$10$biR5GjgTiwMnU9R4aQCGWun9KUHgtfScyFR0j7qQQzSvTKmuYh7eO','2025-01-15 17:15:57','2025-01-15 17:15:57'),(41,'ali','a@gmails.com','$2y$10$j46htna1jh3VDImOe5UXquJMkYb0kvyOMx3Qs/3Hu0YXuGpeI/QeG','2025-01-16 13:17:41','2025-01-16 13:17:41');
/*!40000 ALTER TABLE `users` ENABLE KEYS */;
UNLOCK TABLES;
/*!40103 SET TIME_ZONE=@OLD_TIME_ZONE */;

/*!40101 SET SQL_MODE=@OLD_SQL_MODE */;
/*!40014 SET FOREIGN_KEY_CHECKS=@OLD_FOREIGN_KEY_CHECKS */;
/*!40014 SET UNIQUE_CHECKS=@OLD_UNIQUE_CHECKS */;
/*!40101 SET CHARACTER_SET_CLIENT=@OLD_CHARACTER_SET_CLIENT */;
/*!40101 SET CHARACTER_SET_RESULTS=@OLD_CHARACTER_SET_RESULTS */;
/*!40101 SET COLLATION_CONNECTION=@OLD_COLLATION_CONNECTION */;
/*!40111 SET SQL_NOTES=@OLD_SQL_NOTES */;

-- Dump completed on 2025-02-05 13:53:35
